{
	"song": {
		"player1": "bsrv2-playable2",
		"player2": "mouse angry",
		"notes": [
			{
				"lengthInSteps": 16,
				"sectionNotes": [
					[
						0,
						1,
						0
					],
					[
						166.666666666667,
						1,
						0
					],
					[
						333.333333333333,
						2,
						0
					],
					[
						500,
						1,
						0
					],
					[
						666.666666666667,
						3,
						0
					],
					[
						833.333333333333,
						2,
						0
					],
					[
						1000,
						1,
						0
					],
					[
						1166.66666666667,
						0,
						0
					],
					[
						250,
						0,
						0
					],
					[
						0,
						4,
						0,
						"knife"
					],
					[
						666.666666666667,
						5,
						0,
						"knife"
					]
				],
				"mustHitSection": false
			},
			{
				"lengthInSteps": 16,
				"sectionNotes": [
					[
						1333.33333333333,
						1,
						0
					],
					[
						1500,
						3,
						0
					],
					[
						1583.33333333333,
						1,
						0
					],
					[
						1666.66666666667,
						2,
						0
					],
					[
						1833.33333333333,
						1,
						0
					],
					[
						2166.66666666667,
						3,
						83.3333333333333
					],
					[
						2000,
						2,
						83.3333333333333
					],
					[
						2333.33333333333,
						1,
						83.3333333333333
					],
					[
						2500,
						0,
						83.3333333333333
					],
					[
						1333.33333333333,
						6,
						0,
						"knife"
					],
					[
						2000,
						7,
						0,
						"knife"
					]
				],
				"mustHitSection": false
			},
			{
				"lengthInSteps": 16,
				"sectionNotes": [
					[
						2666.66666666667,
						1,
						0
					],
					[
						2833.33333333333,
						1,
						0
					],
					[
						3000,
						2,
						0
					],
					[
						3166.66666666667,
						1,
						0
					],
					[
						3333.33333333333,
						3,
						0
					],
					[
						3500,
						2,
						0
					],
					[
						3666.66666666667,
						1,
						0
					],
					[
						3833.33333333333,
						0,
						0
					],
					[
						2916.66666666667,
						0,
						0
					]
				],
				"mustHitSection": true
			},
			{
				"lengthInSteps": 16,
				"sectionNotes": [
					[
						4000,
						1,
						0
					],
					[
						4166.66666666667,
						3,
						0
					],
					[
						4250,
						1,
						0
					],
					[
						4333.33333333333,
						2,
						0
					],
					[
						4500,
						1,
						0
					],
					[
						4833.33333333333,
						3,
						83.3333333333333
					],
					[
						4666.66666666667,
						2,
						83.3333333333333
					],
					[
						5000,
						1,
						83.3333333333333
					],
					[
						5166.66666666667,
						0,
						83.3333333333333
					],
					[
						4666.66666666667,
						0,
						0,
						"knife"
					],
					[
						4833.33333333333,
						1,
						0,
						"knife"
					],
					[
						5000,
						2,
						0,
						"knife"
					],
					[
						5166.66666666667,
						3,
						0,
						"knife"
					]
				],
				"mustHitSection": true
			},
			{
				"lengthInSteps": 16,
				"sectionNotes": [
					[
						5500,
						2,
						0
					],
					[
						5333.33333333333,
						1,
						83.3333333333333
					],
					[
						5416.66666666667,
						3,
						0
					],
					[
						5666.66666666667,
						0,
						250
					],
					[
						6000,
						1,
						166.666666666667
					],
					[
						6333.33333333333,
						2,
						166.666666666667
					],
					[
						6416.66666666667,
						1,
						83.3333333333333
					],
					[
						5333.33333333333,
						5,
						0,
						"knife"
					],
					[
						5333.33333333333,
						4,
						0,
						"knife"
					],
					[
						6000,
						6,
						0,
						"knife"
					],
					[
						6000,
						7,
						0,
						"knife"
					]
				],
				"mustHitSection": false
			},
			{
				"lengthInSteps": 16,
				"sectionNotes": [
					[
						6666.66666666667,
						3,
						250
					],
					[
						7000,
						0,
						250
					],
					[
						7333.33333333333,
						2,
						0
					],
					[
						7500,
						2,
						0
					],
					[
						7666.66666666667,
						1,
						166.666666666667
					],
					[
						7750,
						2,
						83.3333333333333
					],
					[
						6666.66666666667,
						6,
						0,
						"knife"
					],
					[
						6666.66666666667,
						5,
						0,
						"knife"
					],
					[
						7333.33333333333,
						7,
						0,
						"knife"
					],
					[
						7333.33333333333,
						4,
						0,
						"knife"
					]
				],
				"mustHitSection": false
			},
			{
				"lengthInSteps": 16,
				"sectionNotes": [
					[
						8166.66666666667,
						2,
						0
					],
					[
						8000,
						1,
						83.3333333333333
					],
					[
						8083.33333333333,
						3,
						0
					],
					[
						8333.33333333333,
						0,
						250
					],
					[
						8666.66666666667,
						1,
						166.666666666667
					],
					[
						9000,
						2,
						166.666666666667
					],
					[
						9083.33333333333,
						1,
						83.3333333333333
					],
					[
						8333.33333333333,
						3,
						0,
						"knife"
					],
					[
						8666.66666666667,
						2,
						0,
						"knife"
					]
				],
				"mustHitSection": true
			},
			{
				"lengthInSteps": 16,
				"sectionNotes": [
					[
						9333.33333333333,
						3,
						250
					],
					[
						9666.66666666667,
						0,
						250
					],
					[
						10000,
						2,
						0
					],
					[
						10166.6666666667,
						2,
						0
					],
					[
						10333.3333333333,
						1,
						166.666666666667
					],
					[
						10416.6666666667,
						2,
						83.3333333333333
					],
					[
						9333.33333333333,
						1,
						0,
						"knife"
					],
					[
						9666.66666666667,
						2,
						0,
						"knife"
					],
					[
						10000,
						0,
						0,
						"knife"
					],
					[
						10166.6666666667,
						0,
						0,
						"knife"
					],
					[
						10333.3333333333,
						3,
						0,
						"knife"
					]
				],
				"mustHitSection": true
			},
			{
				"lengthInSteps": 16,
				"sectionNotes": [
					[
						10666.6666666667,
						1,
						0
					],
					[
						10833.3333333333,
						3,
						0
					],
					[
						11000,
						2,
						0
					],
					[
						11166.6666666667,
						0,
						0
					],
					[
						10708.3333333333,
						2,
						0
					],
					[
						11333.3333333333,
						3,
						83.3333333333333
					],
					[
						11500,
						1,
						83.3333333333333
					],
					[
						11416.6666666667,
						2,
						0
					],
					[
						11750,
						1,
						83.3333333333333
					],
					[
						11666.6666666667,
						0,
						166.666666666667
					]
				],
				"mustHitSection": false
			},
			{
				"lengthInSteps": 16,
				"sectionNotes": [
					[
						12000,
						2,
						0
					],
					[
						12125,
						3,
						0
					],
					[
						12166.6666666667,
						2,
						0
					],
					[
						12291.6666666667,
						1,
						250
					],
					[
						12666.6666666667,
						3,
						0
					],
					[
						12833.3333333333,
						3,
						0
					],
					[
						13000,
						0,
						166.666666666667
					],
					[
						13083.3333333333,
						1,
						83.3333333333333
					]
				],
				"mustHitSection": false
			},
			{
				"lengthInSteps": 16,
				"sectionNotes": [
					[
						13333.3333333333,
						1,
						0
					],
					[
						13500,
						3,
						0
					],
					[
						13666.6666666667,
						2,
						0
					],
					[
						13833.3333333333,
						0,
						0
					],
					[
						13375,
						2,
						0
					],
					[
						14000,
						3,
						83.3333333333333
					],
					[
						14166.6666666667,
						1,
						83.3333333333333
					],
					[
						14083.3333333333,
						2,
						0
					],
					[
						14416.6666666667,
						1,
						83.3333333333333
					],
					[
						14333.3333333333,
						0,
						166.666666666667
					]
				],
				"mustHitSection": true
			},
			{
				"lengthInSteps": 16,